www.concur.com,SAP Concur,country,0.0,0.0,,0,0,www.concur.com,SAP Concur,4.2(109),Software company,
www.concur.com,SAP Concur,country,0.0,0.0,,0,0,www.concur.com,SAP Concur,4.2(109),Software company,
www.extrahop.com,ExtraHop Networks  Inc.,country,0.0,0.0, partners@extrahop.com,0,0,www.extrahop.com,ExtraHop Networks  Inc.,4.8(16),Software company, partners@extrahop.com
www.techmahindra.com,Tech Mahindra Americas Inc.,country,0.0,0.0, fancybox@3.5.7 aos@2.3.1,0,0,www.techmahindra.com,Tech Mahindra Americas Inc.,3.9(23),Software company, fancybox@3.5.7 aos@2.3.1
www.infonero.com,INFONERO,country,0.0,0.0, hello@infonero.com,0,0,www.infonero.com,INFONERO,No reviews,Software company, hello@infonero.com
www.docusign.com,DocuSign,country,0.0,0.0,,0,0,www.docusign.com,DocuSign,4.4(74),Software company,
tc3computing.com,TC3 Computing Inc,country,0.0,0.0,,0,0,tc3computing.com,TC3 Computing Inc,4.9(36),Computer repair service,
www.apptio.com,Apptio Corporation,country,0.0,0.0,,0,0,www.apptio.com,Apptio Corporation,4.8(30),Software company,
www.windriver.com,Wind River Systems Inc,country,0.0,0.0, info@tektronik.com.tr Asset_32@2x-100.jpg nauman.arshad@xellerix.com andrew.palmer@eisol.co.za sales@coreel.com inquiries@windriver.com Asset_31@2x-100.jpg info@scaleil.com sales@mistralsolutions.com inquiries-ap-china@windriver.com Asset_28@2x-100.jpg info@embedded-tools.de Asset_33@2x-100.jpg training-ec@windriver.com avdsys@aha.ru license-ec@windriver.com salesinquiry@windriver.com training@windriver.com info@prosoft.ru,0,0,www.windriver.com,Wind River Systems Inc,No reviews,Aerospace company, info@tektronik.com.tr Asset_32@2x-100.jpg nauman.arshad@xellerix.com andrew.palmer@eisol.co.za sales@coreel.com inquiries@windriver.com Asset_31@2x-100.jpg info@scaleil.com sales@mistralsolutions.com inquiries-ap-china@windriver.com Asset_28@2x-100.jpg info@embedded-tools.de Asset_33@2x-100.jpg training-ec@windriver.com avdsys@aha.ru license-ec@windriver.com salesinquiry@windriver.com training@windriver.com info@prosoft.ru
ca.ingrammicro.com,Ingram Micro Inc,country,0.0,0.0,,0,0,ca.ingrammicro.com,Ingram Micro Inc,2.3(12),Electronics manufacturer,
www.intel.com,Intel Ronler Acres Campus,country,0.0,0.0, fabricsupport@intel.com support@topcon.com smartedgesup@intel.com phone-hand-vector-cropped@2x.png,0,0,www.intel.com,Intel Ronler Acres Campus,4.5(123),Corporate campus, fabricsupport@intel.com support@topcon.com smartedgesup@intel.com phone-hand-vector-cropped@2x.png
www.ibm.com,IBM,country,0.0,0.0,,0,0,www.ibm.com,IBM,3.6(5),Corporate office,
www.synnex.ca,Synnex Canada Ltd,country,0.0,0.0,,0,0,www.synnex.ca,Synnex Canada Ltd,4.6(11),Stadium,
 Station is accessible ,5.0,country,0.0,0.0,,0,0, Station is accessible ,5.0,2 reviews,Software company,
,Back to results,country,0.0,0.0,,0,0,,Back to results,Animetrics  Inc.,5.0,
animetrics.com,Animetrics  Inc.,country,0.0,0.0, info@animetrics.com,0,0,animetrics.com,Animetrics  Inc.,5.0(2),Software company, info@animetrics.com
www.rcgt.com,FPM360,country,0.0,0.0,,0,0,www.rcgt.com,FPM360,No reviews,Software company,
www.brewerbookstore.com,St. Lawrence University Brewer Bookstore,country,0.0,0.0, bookstore@stlawu.edu,0,0,www.brewerbookstore.com,St. Lawrence University Brewer Bookstore,4.7(190),Book store, bookstore@stlawu.edu
www.algonquincollege.com,Algonquin College – Ottawa Campus,country,0.0,0.0, Remote-classes-V1@4x.jpg Remote-classes-V1@4x-50x100.jpg,0,0,www.algonquincollege.com,Algonquin College – Ottawa Campus,4.0(448),College, Remote-classes-V1@4x.jpg Remote-classes-V1@4x-50x100.jpg
www.investquebec.com,Investissement Québec - Québec - Financement d'entreprises,country,0.0,0.0,,0,0,www.investquebec.com,Investissement Québec - Québec - Financement d'entreprises,5.0(1),Economic development agency,
